{
  "method": "PyTorch_DDP_FP32",
  "world_size": 1,
  "per_gpu_batch_size": 128,
  "global_batch_size": 128,
  "epochs": 30,
  "total_training_time_s": 227.250493330881,
  "final_train_acc": 99.2988782051282,
  "final_val_acc": 93.12,
  "best_val_acc": 93.21,
  "avg_epoch_time_s": 6.923658628404762,
  "avg_compute_time_s": 6.459599987914165,
  "avg_comm_overhead_s": 0.17665400286981214,
  "peak_gpu_mem_MB": 833.659392,
  "epoch_history": [
    {
      "epoch": 1,
      "train_loss": 2.0069614269794562,
      "train_acc": 28.395432692307693,
      "epoch_time_s": 8.828218791866675,
      "compute_time_s": 8.043481420492753,
      "data_time_s": 0.5314684810582548,
      "comm_overhead_s": 0.2532688903156668,
      "val_loss": 1.5860208854675293,
      "val_acc": 41.11,
      "gpu_mem_allocated_MB": 197.89312,
      "gpu_mem_max_allocated_MB": 833.659392,
      "world_size": 1,
      "global_batch_size": 128,
      "lr": 0.09972609476841367
    },
    {
      "epoch": 2,
      "train_loss": 1.4859713967029864,
      "train_acc": 45.41466346153846,
      "epoch_time_s": 6.9264369460288435,
      "compute_time_s": 6.486138165462762,
      "data_time_s": 0.2438067076727748,
      "comm_overhead_s": 0.1964920728933066,
      "val_loss": 1.32632982711792,
      "val_acc": 51.19,
      "gpu_mem_allocated_MB": 197.89312,
      "gpu_mem_max_allocated_MB": 833.659392,
      "world_size": 1,
      "global_batch_size": 128,
      "lr": 0.09890738003669028
    },
    {
      "epoch": 3,
      "train_loss": 1.1484193476346822,
      "train_acc": 58.74399038461539,
      "epoch_time_s": 6.688804744975641,
      "compute_time_s": 6.274299585726112,
      "data_time_s": 0.24438291718252003,
      "comm_overhead_s": 0.1701222420670092,
      "val_loss": 1.2729394107818603,
      "val_acc": 57.67,
      "gpu_mem_allocated_MB": 197.89312,
      "gpu_mem_max_allocated_MB": 833.659392,
      "world_size": 1,
      "global_batch_size": 128,
      "lr": 0.09755282581475767
    },
    {
      "epoch": 4,
      "train_loss": 0.9094854379311587,
      "train_acc": 67.72636217948718,
      "epoch_time_s": 7.065002671908587,
      "compute_time_s": 6.541131418431178,
      "data_time_s": 0.35324152815155685,
      "comm_overhead_s": 0.17062972532585263,
      "val_loss": 0.9255221994400025,
      "val_acc": 68.83,
      "gpu_mem_allocated_MB": 197.89312,
      "gpu_mem_max_allocated_MB": 833.659392,
      "world_size": 1,
      "global_batch_size": 128,
      "lr": 0.09567727288213003
    },
    {
      "epoch": 5,
      "train_loss": 0.7471365045278501,
      "train_acc": 73.71594551282051,
      "epoch_time_s": 6.6920334729366004,
      "compute_time_s": 6.3130777408368886,
      "data_time_s": 0.20570784318260849,
      "comm_overhead_s": 0.1732478889171034,
      "val_loss": 0.7426683278083801,
      "val_acc": 74.67,
      "gpu_mem_allocated_MB": 197.89312,
      "gpu_mem_max_allocated_MB": 833.659392,
      "world_size": 1,
      "global_batch_size": 128,
      "lr": 0.09330127018922194
    },
    {
      "epoch": 6,
      "train_loss": 0.6487890417759236,
      "train_acc": 77.5801282051282,
      "epoch_time_s": 6.919932753080502,
      "compute_time_s": 6.4631395931355655,
      "data_time_s": 0.2787447744049132,
      "comm_overhead_s": 0.17804838554002345,
      "val_loss": 0.9319730647087097,
      "val_acc": 69.84,
      "gpu_mem_allocated_MB": 197.89312,
      "gpu_mem_max_allocated_MB": 833.659392,
      "world_size": 1,
      "global_batch_size": 128,
      "lr": 0.09045084971874737
    },
    {
      "epoch": 7,
      "train_loss": 0.5793394087216793,
      "train_acc": 79.79967948717949,
      "epoch_time_s": 6.639219840057194,
      "compute_time_s": 6.2578803692013025,
      "data_time_s": 0.21121379430405796,
      "comm_overhead_s": 0.17012567655183375,
      "val_loss": 0.7553916362762452,
      "val_acc": 75.57,
      "gpu_mem_allocated_MB": 197.89312,
      "gpu_mem_max_allocated_MB": 833.659392,
      "world_size": 1,
      "global_batch_size": 128,
      "lr": 0.0871572412738697
    },
    {
      "epoch": 8,
      "train_loss": 0.5369868492468809,
      "train_acc": 81.47435897435898,
      "epoch_time_s": 6.972622283035889,
      "compute_time_s": 6.450868434505537,
      "data_time_s": 0.32970154331997037,
      "comm_overhead_s": 0.19205230521038175,
      "val_loss": 0.7066633185386658,
      "val_acc": 76.91,
      "gpu_mem_allocated_MB": 197.89312,
      "gpu_mem_max_allocated_MB": 833.659392,
      "world_size": 1,
      "global_batch_size": 128,
      "lr": 0.0834565303179429
    },
    {
      "epoch": 9,
      "train_loss": 0.49565585049299093,
      "train_acc": 82.82051282051282,
      "epoch_time_s": 6.88038038299419,
      "compute_time_s": 6.359832024667412,
      "data_time_s": 0.3459668578580022,
      "comm_overhead_s": 0.17458150046877563,
      "val_loss": 0.645942896604538,
      "val_acc": 78.71,
      "gpu_mem_allocated_MB": 197.89312,
      "gpu_mem_max_allocated_MB": 833.659392,
      "world_size": 1,
      "global_batch_size": 128,
      "lr": 0.07938926261462365
    },
    {
      "epoch": 10,
      "train_loss": 0.46999692649413377,
      "train_acc": 83.91826923076923,
      "epoch_time_s": 6.794596866006032,
      "compute_time_s": 6.3623876890633255,
      "data_time_s": 0.2623082275968045,
      "comm_overhead_s": 0.1699009493459016,
      "val_loss": 0.711616344499588,
      "val_acc": 76.82,
      "gpu_mem_allocated_MB": 197.89312,
      "gpu_mem_max_allocated_MB": 833.659392,
      "world_size": 1,
      "global_batch_size": 128,
      "lr": 0.07499999999999998
    },
    {
      "epoch": 11,
      "train_loss": 0.44204792158725936,
      "train_acc": 84.68349358974359,
      "epoch_time_s": 6.8838160848245025,
      "compute_time_s": 6.40907651768066,
      "data_time_s": 0.3087133546359837,
      "comm_overhead_s": 0.16602621250785887,
      "val_loss": 0.7642656672477722,
      "val_acc": 76.42,
      "gpu_mem_allocated_MB": 197.89312,
      "gpu_mem_max_allocated_MB": 833.659392,
      "world_size": 1,
      "global_batch_size": 128,
      "lr": 0.07033683215379001
    },
    {
      "epoch": 12,
      "train_loss": 0.41581228566475403,
      "train_acc": 85.6650641025641,
      "epoch_time_s": 6.7663294449448586,
      "compute_time_s": 6.339476709021255,
      "data_time_s": 0.24677456449717283,
      "comm_overhead_s": 0.18007817142643034,
      "val_loss": 0.7051966148853303,
      "val_acc": 78.18,
      "gpu_mem_allocated_MB": 197.89312,
      "gpu_mem_max_allocated_MB": 833.659392,
      "world_size": 1,
      "global_batch_size": 128,
      "lr": 0.06545084971874737
    },
    {
      "epoch": 13,
      "train_loss": 0.3865973785901681,
      "train_acc": 86.79286858974359,
      "epoch_time_s": 6.961376596009359,
      "compute_time_s": 6.477449842961505,
      "data_time_s": 0.3165359743870795,
      "comm_overhead_s": 0.16739077866077423,
      "val_loss": 0.5550712879657745,
      "val_acc": 81.8,
      "gpu_mem_allocated_MB": 197.89312,
      "gpu_mem_max_allocated_MB": 833.659392,
      "world_size": 1,
      "global_batch_size": 128,
      "lr": 0.06039558454088796
    },
    {
      "epoch": 14,
      "train_loss": 0.3671414752801259,
      "train_acc": 87.39983974358974,
      "epoch_time_s": 6.6066769189201295,
      "compute_time_s": 6.23846499947831,
      "data_time_s": 0.2118112570606172,
      "comm_overhead_s": 0.15640066238120198,
      "val_loss": 0.5254324600934982,
      "val_acc": 82.14,
      "gpu_mem_allocated_MB": 197.89312,
      "gpu_mem_max_allocated_MB": 833.659392,
      "world_size": 1,
      "global_batch_size": 128,
      "lr": 0.05522642316338268
    },
    {
      "epoch": 15,
      "train_loss": 0.34044300434299,
      "train_acc": 88.31530448717949,
      "epoch_time_s": 6.976841322146356,
      "compute_time_s": 6.465040743583813,
      "data_time_s": 0.3353682791348547,
      "comm_overhead_s": 0.17643229942768812,
      "val_loss": 0.42118759784698484,