{
  "method": "PyTorch_DDP_FP32",
  "world_size": 2,
  "per_gpu_batch_size": 128,
  "global_batch_size": 256,
  "epochs": 30,
  "total_training_time_s": 270.56625611917116,
  "final_train_acc": 99.11858974358974,
  "final_val_acc": 92.7,
  "best_val_acc": 92.8,
  "avg_epoch_time_s": 8.207606387052996,
  "avg_compute_time_s": 7.953963551887622,
  "avg_comm_overhead_s": 0.09159394896123559,
  "peak_gpu_mem_MB": 1004.09344,
  "epoch_history": [
    {
      "epoch": 1,
      "train_loss": 2.3223574785085823,
      "train_acc": 20.46474358974359,
      "epoch_time_s": 10.049667828017846,
      "compute_time_s": 9.397015730384737,
      "data_time_s": 0.48646199866198003,
      "comm_overhead_s": 0.16619009897112846,
      "val_loss": 1.7549862911224365,
      "val_acc": 34.16,
      "gpu_mem_allocated_MB": 198.785536,
      "gpu_mem_max_allocated_MB": 1004.09344,
      "world_size": 2,
      "global_batch_size": 256,
      "lr": 0.09972609476841367
    },
    {
      "epoch": 2,
      "train_loss": 1.6744269095934354,
      "train_acc": 37.19551282051282,
      "epoch_time_s": 8.069965162780136,
      "compute_time_s": 7.840717575512826,
      "data_time_s": 0.14018996618688107,
      "comm_overhead_s": 0.08905762108042836,
      "val_loss": 1.5401248189926147,
      "val_acc": 43.24,
      "gpu_mem_allocated_MB": 198.785536,
      "gpu_mem_max_allocated_MB": 1004.09344,
      "world_size": 2,
      "global_batch_size": 256,
      "lr": 0.09890738003669028
    },
    {
      "epoch": 3,
      "train_loss": 1.401313044474675,
      "train_acc": 48.77804487179487,
      "epoch_time_s": 8.080086627043784,
      "compute_time_s": 7.8252831909339875,
      "data_time_s": 0.16772645013406873,
      "comm_overhead_s": 0.08707698597572744,
      "val_loss": 1.335054028892517,
      "val_acc": 51.48,
      "gpu_mem_allocated_MB": 198.785536,
      "gpu_mem_max_allocated_MB": 1004.09344,
      "world_size": 2,
      "global_batch_size": 256,
      "lr": 0.09755282581475767
    },
    {
      "epoch": 4,
      "train_loss": 1.172128833257235,
      "train_acc": 57.49599358974359,
      "epoch_time_s": 8.075982310110703,
      "compute_time_s": 7.824993909802288,
      "data_time_s": 0.15949434856884181,
      "comm_overhead_s": 0.09149405173957348,
      "val_loss": 1.1411858381271363,
      "val_acc": 60.01,
      "gpu_mem_allocated_MB": 198.785536,
      "gpu_mem_max_allocated_MB": 1004.09344,
      "world_size": 2,
      "global_batch_size": 256,
      "lr": 0.09567727288213003
    },
    {
      "epoch": 5,
      "train_loss": 0.9807939828970493,
      "train_acc": 64.93990384615384,
      "epoch_time_s": 8.08572152000852,
      "compute_time_s": 7.863981124013662,
      "data_time_s": 0.13658143184147775,
      "comm_overhead_s": 0.0851589641533792,
      "val_loss": 1.0175760116577148,
      "val_acc": 64.19,
      "gpu_mem_allocated_MB": 198.785536,
      "gpu_mem_max_allocated_MB": 1004.09344,
      "world_size": 2,
      "global_batch_size": 256,
      "lr": 0.09330127018922194
    },
    {
      "epoch": 6,
      "train_loss": 0.8305997212727865,
      "train_acc": 70.62900641025641,
      "epoch_time_s": 8.09009339590557,
      "compute_time_s": 7.8552086553536355,
      "data_time_s": 0.1535000225994736,
      "comm_overhead_s": 0.08138471795246005,
      "val_loss": 0.8589819422721863,
      "val_acc": 69.78,
      "gpu_mem_allocated_MB": 198.785536,
      "gpu_mem_max_allocated_MB": 1004.09344,
      "world_size": 2,
      "global_batch_size": 256,
      "lr": 0.09045084971874737
    },
    {
      "epoch": 7,
      "train_loss": 0.7073654330693758,
      "train_acc": 75.04807692307692,
      "epoch_time_s": 8.130492182914168,
      "compute_time_s": 7.879980639088899,
      "data_time_s": 0.15886659221723676,
      "comm_overhead_s": 0.09164495160803199,
      "val_loss": 0.8579131234169006,
      "val_acc": 71.33,
      "gpu_mem_allocated_MB": 198.785536,
      "gpu_mem_max_allocated_MB": 1004.09344,
      "world_size": 2,
      "global_batch_size": 256,
      "lr": 0.0871572412738697
    },
    {
      "epoch": 8,
      "train_loss": 0.6237838768042051,
      "train_acc": 77.98076923076923,
      "epoch_time_s": 8.155417900998145,
      "compute_time_s": 7.902650977252051,
      "data_time_s": 0.16262150718830526,
      "comm_overhead_s": 0.09014541655778885,
      "val_loss": 0.8970986117362976,
      "val_acc": 70.4,
      "gpu_mem_allocated_MB": 198.785536,
      "gpu_mem_max_allocated_MB": 1004.09344,
      "world_size": 2,
      "global_batch_size": 256,
      "lr": 0.0834565303179429
    },
    {
      "epoch": 9,
      "train_loss": 0.5486809447789803,
      "train_acc": 80.98958333333333,
      "epoch_time_s": 8.131625274894759,
      "compute_time_s": 7.899940941017121,
      "data_time_s": 0.13933701254427433,
      "comm_overhead_s": 0.09234732133336365,
      "val_loss": 0.673511163854599,
      "val_acc": 77.22,
      "gpu_mem_allocated_MB": 198.785536,
      "gpu_mem_max_allocated_MB": 1004.09344,
      "world_size": 2,
      "global_batch_size": 256,
      "lr": 0.07938926261462365
    },
    {
      "epoch": 10,
      "train_loss": 0.5029202864720271,
      "train_acc": 82.66826923076923,
      "epoch_time_s": 8.182016213890165,
      "compute_time_s": 7.949489573948085,
      "data_time_s": 0.1454795387107879,
      "comm_overhead_s": 0.08704710123129189,
      "val_loss": 0.5575313107013702,
      "val_acc": 81.24,
      "gpu_mem_allocated_MB": 198.785536,
      "gpu_mem_max_allocated_MB": 1004.09344,
      "world_size": 2,
      "global_batch_size": 256,
      "lr": 0.07499999999999998
    },
    {
      "epoch": 11,
      "train_loss": 0.44602304972135104,
      "train_acc": 84.54326923076923,
      "epoch_time_s": 8.249667531810701,
      "compute_time_s": 7.999947403557599,
      "data_time_s": 0.15875902050174773,
      "comm_overhead_s": 0.09096110775135458,
      "val_loss": 0.6498368887901306,
      "val_acc": 78.26,
      "gpu_mem_allocated_MB": 198.785536,
      "gpu_mem_max_allocated_MB": 1004.09344,
      "world_size": 2,
      "global_batch_size": 256,
      "lr": 0.07033683215379001
    },
    {
      "epoch": 12,
      "train_loss": 0.40661168702137773,
      "train_acc": 85.90544871794872,
      "epoch_time_s": 8.161049378104508,
      "compute_time_s": 7.9370710926596075,
      "data_time_s": 0.13682864280417562,
      "comm_overhead_s": 0.08714964264072478,
      "val_loss": 0.5158613379478455,
      "val_acc": 82.5,
      "gpu_mem_allocated_MB": 198.785536,
      "gpu_mem_max_allocated_MB": 1004.09344,
      "world_size": 2,
      "global_batch_size": 256,
      "lr": 0.06545084971874737
    },
    {
      "epoch": 13,
      "train_loss": 0.37216439308264315,
      "train_acc": 87.18349358974359,
      "epoch_time_s": 8.126735195983201,
      "compute_time_s": 7.884551702300087,
      "data_time_s": 0.15619408106431365,
      "comm_overhead_s": 0.085989412618801,
      "val_loss": 0.4205070489883423,
      "val_acc": 85.98,
      "gpu_mem_allocated_MB": 198.785536,
      "gpu_mem_max_allocated_MB": 1004.09344,
      "world_size": 2,
      "global_batch_size": 256,
      "lr": 0.06039558454088796
    },
    {
      "epoch": 14,
      "train_loss": 0.3458882484680567,
      "train_acc": 88.06891025641026,
      "epoch_time_s": 8.179948156932369,
      "compute_time_s": 7.9612518104258925,
      "data_time_s": 0.13495183316990733,
      "comm_overhead_s": 0.08374451333656907,
      "val_loss": 0.47438039625883105,
      "val_acc": 84.04,
      "gpu_mem_allocated_MB": 198.785536,
      "gpu_mem_max_allocated_MB": 1004.09344,
      "world_size": 2,
      "global_batch_size": 256,
      "lr": 0.05522642316338268
    },
    {
      "epoch": 15,
      "train_loss": 0.3112941388900463,
      "train_acc": 89.375,
      "epoch_time_s": 8.169745865976438,
      "compute_time_s": 7.930555097525939,
      "data_time_s": 0.14645159430801868,
      "comm_overhead_s": 0.0927391741424799,
      "val_loss": 0.4863841411590576,