{
  "method": "PyTorch_DDP_FP32",
  "world_size": 1,
  "per_gpu_batch_size": 128,
  "global_batch_size": 128,
  "epochs": 30,
  "total_training_time_s": 481.37575239595026,
  "final_train_acc": 99.35897435897436,
  "final_val_acc": 93.47,
  "best_val_acc": 93.51,
  "avg_epoch_time_s": 15.225203458149917,
  "avg_compute_time_s": 14.823093045673643,
  "avg_comm_overhead_s": 0.17657039246987552,
  "peak_gpu_mem_MB": 1004.09344,
  "epoch_history": [
    {
      "epoch": 1,
      "train_loss": 1.9300991455713907,
      "train_acc": 31.185897435897434,
      "epoch_time_s": 17.028261247090995,
      "compute_time_s": 16.263370083179325,
      "data_time_s": 0.5260866128373891,
      "comm_overhead_s": 0.23880455107428133,
      "val_loss": 1.563416276550293,
      "val_acc": 42.99,
      "gpu_mem_allocated_MB": 198.785536,
      "gpu_mem_max_allocated_MB": 1004.09344,
      "world_size": 1,
      "global_batch_size": 128,
      "lr": 0.09972609476841367
    },
    {
      "epoch": 2,
      "train_loss": 1.385907532924261,
      "train_acc": 49.11057692307692,
      "epoch_time_s": 14.959850566927344,
      "compute_time_s": 14.599390879739076,
      "data_time_s": 0.21313338144682348,
      "comm_overhead_s": 0.14732630574144423,
      "val_loss": 1.2274681022644043,
      "val_acc": 55.11,
      "gpu_mem_allocated_MB": 198.785536,
      "gpu_mem_max_allocated_MB": 1004.09344,
      "world_size": 1,
      "global_batch_size": 128,
      "lr": 0.09890738003669028
    },
    {
      "epoch": 3,
      "train_loss": 1.0677713250502563,
      "train_acc": 61.638621794871796,
      "epoch_time_s": 15.076356803067029,
      "compute_time_s": 14.691140306647867,
      "data_time_s": 0.2236901861615479,
      "comm_overhead_s": 0.16152631025761366,
      "val_loss": 1.1314729438781739,
      "val_acc": 62.11,
      "gpu_mem_allocated_MB": 198.785536,
      "gpu_mem_max_allocated_MB": 1004.09344,
      "world_size": 1,
      "global_batch_size": 128,
      "lr": 0.09755282581475767
    },
    {
      "epoch": 4,
      "train_loss": 0.8473372389108706,
      "train_acc": 70.13621794871794,
      "epoch_time_s": 15.100879714125767,
      "compute_time_s": 14.73379157553427,
      "data_time_s": 0.21547560952603817,
      "comm_overhead_s": 0.15161252906545997,
      "val_loss": 0.9959848165512085,
      "val_acc": 67.26,
      "gpu_mem_allocated_MB": 198.785536,
      "gpu_mem_max_allocated_MB": 1004.09344,
      "world_size": 1,
      "global_batch_size": 128,
      "lr": 0.09567727288213003
    },
    {
      "epoch": 5,
      "train_loss": 0.6985153928781167,
      "train_acc": 75.72516025641026,
      "epoch_time_s": 15.11783163715154,
      "compute_time_s": 14.717248835135251,
      "data_time_s": 0.23611176176927984,
      "comm_overhead_s": 0.1644710402470082,
      "val_loss": 0.8413797229290009,
      "val_acc": 71.97,
      "gpu_mem_allocated_MB": 198.785536,
      "gpu_mem_max_allocated_MB": 1004.09344,
      "world_size": 1,
      "global_batch_size": 128,
      "lr": 0.09330127018922194
    },
    {
      "epoch": 6,
      "train_loss": 0.6058242883437719,
      "train_acc": 79.03645833333333,
      "epoch_time_s": 15.161561853950843,
      "compute_time_s": 14.792640662519261,
      "data_time_s": 0.20882154372520745,
      "comm_overhead_s": 0.16009964770637453,
      "val_loss": 0.7415318167686462,
      "val_acc": 75.39,
      "gpu_mem_allocated_MB": 198.785536,
      "gpu_mem_max_allocated_MB": 1004.09344,
      "world_size": 1,
      "global_batch_size": 128,
      "lr": 0.09045084971874737
    },
    {
      "epoch": 7,
      "train_loss": 0.5470797672485694,
      "train_acc": 81.03565705128206,
      "epoch_time_s": 15.220702512189746,
      "compute_time_s": 14.844182085013017,
      "data_time_s": 0.21538763865828514,
      "comm_overhead_s": 0.1611327885184437,
      "val_loss": 0.6364246222496033,
      "val_acc": 78.18,
      "gpu_mem_allocated_MB": 198.785536,
      "gpu_mem_max_allocated_MB": 1004.09344,
      "world_size": 1,
      "global_batch_size": 128,
      "lr": 0.0871572412738697
    },
    {
      "epoch": 8,
      "train_loss": 0.5036923708824012,
      "train_acc": 82.75841346153847,
      "epoch_time_s": 15.170363565906882,
      "compute_time_s": 14.787490095477551,
      "data_time_s": 0.2246215702034533,
      "comm_overhead_s": 0.15825190022587776,
      "val_loss": 0.5726232188224792,
      "val_acc": 80.61,
      "gpu_mem_allocated_MB": 198.785536,
      "gpu_mem_max_allocated_MB": 1004.09344,
      "world_size": 1,
      "global_batch_size": 128,
      "lr": 0.0834565303179429
    },
    {
      "epoch": 9,
      "train_loss": 0.47233810822168987,
      "train_acc": 83.57371794871794,
      "epoch_time_s": 15.249360475922003,
      "compute_time_s": 14.852285917848349,
      "data_time_s": 0.21291791927069426,
      "comm_overhead_s": 0.18415663880296052,
      "val_loss": 0.5759433472633362,
      "val_acc": 80.8,
      "gpu_mem_allocated_MB": 198.785536,
      "gpu_mem_max_allocated_MB": 1004.09344,
      "world_size": 1,
      "global_batch_size": 128,
      "lr": 0.07938926261462365
    },
    {
      "epoch": 10,
      "train_loss": 0.44306659392821485,
      "train_acc": 84.8417467948718,
      "epoch_time_s": 15.234692749101669,
      "compute_time_s": 14.823009726591408,
      "data_time_s": 0.23252872074954212,
      "comm_overhead_s": 0.17915430176071823,
      "val_loss": 0.5260779112815857,
      "val_acc": 82.16,
      "gpu_mem_allocated_MB": 198.785536,
      "gpu_mem_max_allocated_MB": 1004.09344,
      "world_size": 1,
      "global_batch_size": 128,
      "lr": 0.07499999999999998
    },
    {
      "epoch": 11,
      "train_loss": 0.41794597502702324,
      "train_acc": 85.67307692307692,
      "epoch_time_s": 15.271842726040632,
      "compute_time_s": 14.878915779525414,
      "data_time_s": 0.21347632235847414,
      "comm_overhead_s": 0.1794506241567433,
      "val_loss": 0.5803948344230652,
      "val_acc": 80.75,
      "gpu_mem_allocated_MB": 198.785536,
      "gpu_mem_max_allocated_MB": 1004.09344,
      "world_size": 1,
      "global_batch_size": 128,
      "lr": 0.07033683215379001
    },
    {
      "epoch": 12,
      "train_loss": 0.39259718637435864,
      "train_acc": 86.51041666666667,
      "epoch_time_s": 15.17867971304804,
      "compute_time_s": 14.793518993305042,
      "data_time_s": 0.2088668909855187,
      "comm_overhead_s": 0.1762938287574798,
      "val_loss": 0.5215289211273193,
      "val_acc": 81.95,
      "gpu_mem_allocated_MB": 198.785536,
      "gpu_mem_max_allocated_MB": 1004.09344,
      "world_size": 1,
      "global_batch_size": 128,
      "lr": 0.06545084971874737
    },
    {
      "epoch": 13,
      "train_loss": 0.3703611251253348,
      "train_acc": 87.2255608974359,
      "epoch_time_s": 15.173801098950207,
      "compute_time_s": 14.763404357479885,
      "data_time_s": 0.23033113218843937,
      "comm_overhead_s": 0.18006560928188264,
      "val_loss": 0.7156309808015824,
      "val_acc": 77.28,
      "gpu_mem_allocated_MB": 198.785536,
      "gpu_mem_max_allocated_MB": 1004.09344,
      "world_size": 1,
      "global_batch_size": 128,
      "lr": 0.06039558454088796
    },
    {
      "epoch": 14,
      "train_loss": 0.3493688245996451,
      "train_acc": 87.99679487179488,
      "epoch_time_s": 15.148637003963813,
      "compute_time_s": 14.771563357906416,
      "data_time_s": 0.20485351816751063,
      "comm_overhead_s": 0.1722201278898865,
      "val_loss": 0.460259846162796,
      "val_acc": 84.21,
      "gpu_mem_allocated_MB": 198.785536,
      "gpu_mem_max_allocated_MB": 1004.09344,
      "world_size": 1,
      "global_batch_size": 128,
      "lr": 0.05522642316338268
    },
    {
      "epoch": 15,
      "train_loss": 0.32172398830835636,
      "train_acc": 88.92427884615384,
      "epoch_time_s": 15.173213545931503,
      "compute_time_s": 14.765816560946405,
      "data_time_s": 0.23051222949288785,
      "comm_overhead_s": 0.1768847554922104,