{
  "method": "PyTorch_DDP_FP32",
  "world_size": 4,
  "per_gpu_batch_size": 128,
  "global_batch_size": 512,
  "epochs": 30,
  "total_training_time_s": 177.62006050813943,
  "final_train_acc": 98.37306701030928,
  "final_val_acc": 91.21,
  "best_val_acc": 91.27,
  "avg_epoch_time_s": 5.020088734710589,
  "avg_compute_time_s": 4.782230237925735,
  "avg_comm_overhead_s": 0.08428202678915113,
  "peak_gpu_mem_MB": 1004.09344,
  "epoch_history": [
    {
      "epoch": 1,
      "train_loss": 2.258488454769567,
      "train_acc": 23.534149484536083,
      "epoch_time_s": 7.021846892079338,
      "compute_time_s": 6.399589414242655,
      "data_time_s": 0.46588085126131773,
      "comm_overhead_s": 0.15637662657536566,
      "val_loss": 1.7030971244812012,
      "val_acc": 35.12,
      "gpu_mem_allocated_MB": 198.785536,
      "gpu_mem_max_allocated_MB": 1004.09344,
      "world_size": 4,
      "global_batch_size": 512,
      "lr": 0.09972609476841367
    },
    {
      "epoch": 2,
      "train_loss": 1.584850329713723,
      "train_acc": 40.67332474226804,
      "epoch_time_s": 4.9583427221514285,
      "compute_time_s": 4.731595765566453,
      "data_time_s": 0.1476612570695579,
      "comm_overhead_s": 0.07908569951541722,
      "val_loss": 1.4317663970947265,
      "val_acc": 46.78,
      "gpu_mem_allocated_MB": 198.785536,
      "gpu_mem_max_allocated_MB": 1004.09344,
      "world_size": 4,
      "global_batch_size": 512,
      "lr": 0.09890738003669028
    },
    {
      "epoch": 3,
      "train_loss": 1.3249714005853712,
      "train_acc": 51.50612113402062,
      "epoch_time_s": 4.961947152856737,
      "compute_time_s": 4.721151604317129,
      "data_time_s": 0.1603471173439175,
      "comm_overhead_s": 0.08044843119569123,
      "val_loss": 1.3130736497879028,
      "val_acc": 51.23,
      "gpu_mem_allocated_MB": 198.785536,
      "gpu_mem_max_allocated_MB": 1004.09344,
      "world_size": 4,
      "global_batch_size": 512,
      "lr": 0.09755282581475767
    },
    {
      "epoch": 4,
      "train_loss": 1.1110375529712009,
      "train_acc": 59.47164948453608,
      "epoch_time_s": 4.962315631099045,
      "compute_time_s": 4.753616063855588,
      "data_time_s": 0.13201716169714928,
      "comm_overhead_s": 0.07668240554630756,
      "val_loss": 1.050424553489685,
      "val_acc": 62.51,
      "gpu_mem_allocated_MB": 198.785536,
      "gpu_mem_max_allocated_MB": 1004.09344,
      "world_size": 4,
      "global_batch_size": 512,
      "lr": 0.09567727288213003
    },
    {
      "epoch": 5,
      "train_loss": 0.9476215931558117,
      "train_acc": 65.88273195876289,
      "epoch_time_s": 4.932858165819198,
      "compute_time_s": 4.724398249061778,
      "data_time_s": 0.1268770971801132,
      "comm_overhead_s": 0.08158281957730651,
      "val_loss": 0.9854001933097839,
      "val_acc": 66.57,
      "gpu_mem_allocated_MB": 198.785536,
      "gpu_mem_max_allocated_MB": 1004.09344,
      "world_size": 4,
      "global_batch_size": 512,
      "lr": 0.09330127018922194
    },
    {
      "epoch": 6,
      "train_loss": 0.8102292160397953,
      "train_acc": 71.11791237113403,
      "epoch_time_s": 4.95035047410056,
      "compute_time_s": 4.734854412730783,
      "data_time_s": 0.13475766335614026,
      "comm_overhead_s": 0.08073839801363647,
      "val_loss": 0.8022101574897766,
      "val_acc": 72.24,
      "gpu_mem_allocated_MB": 198.785536,
      "gpu_mem_max_allocated_MB": 1004.09344,
      "world_size": 4,
      "global_batch_size": 512,
      "lr": 0.09045084971874737
    },
    {
      "epoch": 7,
      "train_loss": 0.6871742206750456,
      "train_acc": 75.83762886597938,
      "epoch_time_s": 4.958070532185957,
      "compute_time_s": 4.7171077956445515,
      "data_time_s": 0.1542659653350711,
      "comm_overhead_s": 0.08669677120633423,
      "val_loss": 0.8487486240386963,
      "val_acc": 71.86,
      "gpu_mem_allocated_MB": 198.785536,
      "gpu_mem_max_allocated_MB": 1004.09344,
      "world_size": 4,
      "global_batch_size": 512,
      "lr": 0.0871572412738697
    },
    {
      "epoch": 8,
      "train_loss": 0.6112161610544342,
      "train_acc": 78.60019329896907,
      "epoch_time_s": 4.96074361493811,
      "compute_time_s": 4.721988296601921,
      "data_time_s": 0.15504994499497116,
      "comm_overhead_s": 0.08370537334121764,
      "val_loss": 1.0085351686477662,
      "val_acc": 67.84,
      "gpu_mem_allocated_MB": 198.785536,
      "gpu_mem_max_allocated_MB": 1004.09344,
      "world_size": 4,
      "global_batch_size": 512,
      "lr": 0.0834565303179429
    },
    {
      "epoch": 9,
      "train_loss": 0.5395182128419581,
      "train_acc": 81.34664948453609,
      "epoch_time_s": 4.92628805199638,
      "compute_time_s": 4.685387208592147,
      "data_time_s": 0.1581002010498196,
      "comm_overhead_s": 0.08280064235441387,
      "val_loss": 0.7265683106899261,
      "val_acc": 75.56,
      "gpu_mem_allocated_MB": 198.785536,
      "gpu_mem_max_allocated_MB": 1004.09344,
      "world_size": 4,
      "global_batch_size": 512,
      "lr": 0.07938926261462365
    },
    {
      "epoch": 10,
      "train_loss": 0.4959571942226174,
      "train_acc": 82.56282216494846,
      "epoch_time_s": 4.969012083951384,
      "compute_time_s": 4.756324429763481,
      "data_time_s": 0.13273163908161223,
      "comm_overhead_s": 0.07995601510629058,
      "val_loss": 0.629098696231842,
      "val_acc": 79.32,
      "gpu_mem_allocated_MB": 198.785536,
      "gpu_mem_max_allocated_MB": 1004.09344,
      "world_size": 4,
      "global_batch_size": 512,
      "lr": 0.07499999999999998
    },
    {
      "epoch": 11,
      "train_loss": 0.4409205108573756,
      "train_acc": 84.89046391752578,
      "epoch_time_s": 4.954448980977759,
      "compute_time_s": 4.7382952843327075,
      "data_time_s": 0.13576154969632626,
      "comm_overhead_s": 0.08039214694872499,
      "val_loss": 0.7311515935897828,
      "val_acc": 75.5,
      "gpu_mem_allocated_MB": 198.785536,
      "gpu_mem_max_allocated_MB": 1004.09344,
      "world_size": 4,
      "global_batch_size": 512,
      "lr": 0.07033683215379001
    },
    {
      "epoch": 12,
      "train_loss": 0.407777111401263,
      "train_acc": 86.00193298969072,
      "epoch_time_s": 4.945577854057774,
      "compute_time_s": 4.7172620366327465,
      "data_time_s": 0.1424564125481993,
      "comm_overhead_s": 0.0858594048768282,
      "val_loss": 0.6220704793930054,
      "val_acc": 79.52,
      "gpu_mem_allocated_MB": 198.785536,
      "gpu_mem_max_allocated_MB": 1004.09344,
      "world_size": 4,
      "global_batch_size": 512,
      "lr": 0.06545084971874737
    },
    {
      "epoch": 13,
      "train_loss": 0.3680771621539421,
      "train_acc": 87.10534793814433,
      "epoch_time_s": 4.929242622107267,
      "compute_time_s": 4.696111052529886,
      "data_time_s": 0.146825700532645,
      "comm_overhead_s": 0.08630586904473603,
      "val_loss": 0.5102569851160049,
      "val_acc": 83.09,
      "gpu_mem_allocated_MB": 198.785536,
      "gpu_mem_max_allocated_MB": 1004.09344,
      "world_size": 4,
      "global_batch_size": 512,
      "lr": 0.06039558454088796
    },
    {
      "epoch": 14,
      "train_loss": 0.33418305510098173,
      "train_acc": 88.1604381443299,
      "epoch_time_s": 4.962688310071826,
      "compute_time_s": 4.753133085556328,
      "data_time_s": 0.12865426274947822,
      "comm_overhead_s": 0.08090096176601946,
      "val_loss": 0.49838566079139707,
      "val_acc": 83.41,
      "gpu_mem_allocated_MB": 198.785536,
      "gpu_mem_max_allocated_MB": 1004.09344,
      "world_size": 4,
      "global_batch_size": 512,
      "lr": 0.05522642316338268
    },
    {
      "epoch": 15,
      "train_loss": 0.3036167424978669,
      "train_acc": 89.32023195876289,
      "epoch_time_s": 4.975863597122952,
      "compute_time_s": 4.745126420399174,
      "data_time_s": 0.14530397346243262,
      "comm_overhead_s": 0.08543320326134562,